{
    "0": [
        [
            5, 
            0.8896418820133337
        ], 
        [
            24, 
            0.8737995628388882
        ], 
        [
            20, 
            0.8609969117780665
        ], 
        [
            27, 
            0.8596721734938386
        ], 
        [
            26, 
            0.8595350096613754
        ], 
        [
            13, 
            0.8591346877151296
        ], 
        [
            18, 
            0.8581480156846615
        ], 
        [
            3, 
            0.8550320040480217
        ], 
        [
            25, 
            0.8550103535114313
        ], 
        [
            21, 
            0.8359351559460451
        ], 
        [
            0, 
            0.6484832347327067
        ], 
        [
            19, 
            0.5178432092782274
        ], 
        [
            2, 
            0.5158373252351633
        ], 
        [
            12, 
            0.5127719296169593
        ], 
        [
            10, 
            0.5033586299454796
        ], 
        [
            6, 
            0.12517219840226249
        ]
    ], 
    "1": [
        [
            9, 
            1.0
        ]
    ], 
    "2": [
        [
            28, 
            0.9999999999999999
        ]
    ], 
    "3": [
        [
            16, 
            0.9999999999999999
        ]
    ], 
    "4": [
        [
            4, 
            0.9999999999999999
        ]
    ], 
    "5": [
        [
            17, 
            1.0
        ]
    ], 
    "6": [
        [
            30, 
            0.9999925033638012
        ], 
        [
            7, 
            0.9999774942898662
        ], 
        [
            29, 
            0.9999740526661771
        ]
    ], 
    "7": [
        [
            23, 
            1.0
        ]
    ], 
    "8": [
        [
            1, 
            1.0000000000000002
        ]
    ], 
    "9": [
        [
            22, 
            0.9999999999999999
        ]
    ], 
    "10": [
        [
            8, 
            1.0000000000000002
        ]
    ], 
    "11": [
        [
            14, 
            0.9999999999999998
        ]
    ], 
    "12": [
        [
            11, 
            0.9999999999999999
        ]
    ], 
    "13": [
        [
            15, 
            1.0000000000000002
        ]
    ]
}